{"count":1,"self":190.94584319999998,"total":191.4305753,"children":{"InitializeActuators":{"count":2,"self":0.0019967,"total":0.0019967,"children":null},"InitializeSensors":{"count":2,"self":0.0010012999999999999,"total":0.0010012999999999999,"children":null},"AgentSendState":{"count":2179,"self":0.0220558,"total":0.045069899999999996,"children":{"CollectObservations":{"count":417,"self":0.010023299999999999,"total":0.010023299999999999,"children":null},"WriteActionMask":{"count":417,"self":0.00099209999999999988,"total":0.00099209999999999988,"children":null},"RequestDecision":{"count":417,"self":0.0119987,"total":0.0119987,"children":null}}},"DecideAction":{"count":2179,"self":0.41566949999999997,"total":0.41566949999999997,"children":null},"AgentAct":{"count":2179,"self":0.020998799999999998,"total":0.020998799999999998,"children":null}},"gauges":{},"metadata":{"timer_format_version":"0.1.0","start_time_seconds":"1642098138","unity_version":"2020.3.21f1","command_line_arguments":"C:\/Program Files\/Unity 2020.3.21f1\/Editor\/Unity.exe -projectpath C:\/Users\/zmarc\/ML Breakout - Final -useHub -hubIPC -cloudEnvironment production -hubSessionId b54c28f0-7491-11ec-a663-63ac84832ee1 -accessToken zKeia6Mavc0O4Xtcb4AhAD7fexw6yzpntq3edtkTTW0001f","communication_protocol_version":"1.5.0","com.unity.ml-agents_version":"2.0.0","scene_name":"TwoPlayerEasy","end_time_seconds":"1642098329"}}