{
    "name": "root",
    "gauges": {
        "MLAgent.Policy.Entropy.mean": {
            "value": 0.6089787483215332,
            "min": 0.6089787483215332,
            "max": 0.6629480123519897,
            "count": 9
        },
        "MLAgent.Policy.Entropy.sum": {
            "value": 30456.24609375,
            "min": 30456.24609375,
            "max": 33154.03125,
            "count": 9
        },
        "MLAgent.Environment.EpisodeLength.mean": {
            "value": 506.6701030927835,
            "min": 257.30051813471505,
            "max": 506.6701030927835,
            "count": 9
        },
        "MLAgent.Environment.EpisodeLength.sum": {
            "value": 49147.0,
            "min": 48115.0,
            "max": 50887.0,
            "count": 9
        },
        "MLAgent.Step.mean": {
            "value": 449980.0,
            "min": 49980.0,
            "max": 449980.0,
            "count": 9
        },
        "MLAgent.Step.sum": {
            "value": 449980.0,
            "min": 49980.0,
            "max": 449980.0,
            "count": 9
        },
        "MLAgent.Policy.ExtrinsicValueEstimate.mean": {
            "value": 4.544689655303955,
            "min": 4.358016490936279,
            "max": 5.584257125854492,
            "count": 9
        },
        "MLAgent.Policy.ExtrinsicValueEstimate.sum": {
            "value": 3781.181884765625,
            "min": 3708.671875,
            "max": 4886.22509765625,
            "count": 9
        },
        "MLAgent.Environment.CumulativeReward.mean": {
            "value": 27.5979381443299,
            "min": 14.73056994818653,
            "max": 27.5979381443299,
            "count": 9
        },
        "MLAgent.Environment.CumulativeReward.sum": {
            "value": 2677.0,
            "min": 2641.0,
            "max": 3096.0,
            "count": 9
        },
        "MLAgent.Policy.ExtrinsicReward.mean": {
            "value": 27.5979381443299,
            "min": 14.73056994818653,
            "max": 27.5979381443299,
            "count": 9
        },
        "MLAgent.Policy.ExtrinsicReward.sum": {
            "value": 2677.0,
            "min": 2641.0,
            "max": 3096.0,
            "count": 9
        },
        "MLAgent.Losses.PolicyLoss.mean": {
            "value": 0.026547732069157066,
            "min": 0.020727265598252418,
            "max": 0.027267742314531156,
            "count": 9
        },
        "MLAgent.Losses.PolicyLoss.sum": {
            "value": 0.13273866034578533,
            "min": 0.08912453394538412,
            "max": 0.13633871157265579,
            "count": 9
        },
        "MLAgent.Losses.ValueLoss.mean": {
            "value": 0.6161899820963541,
            "min": 0.5975584042569002,
            "max": 1.3480000471075377,
            "count": 9
        },
        "MLAgent.Losses.ValueLoss.sum": {
            "value": 3.080949910481771,
            "min": 2.390233617027601,
            "max": 5.392000188430151,
            "count": 9
        },
        "MLAgent.Policy.LearningRate.mean": {
            "value": 4.7170404276559994e-05,
            "min": 4.7170404276559994e-05,
            "max": 0.00028459845513385,
            "count": 9
        },
        "MLAgent.Policy.LearningRate.sum": {
            "value": 0.00023585202138279998,
            "min": 0.00023585202138279998,
            "max": 0.0012842694719101997,
            "count": 9
        },
        "MLAgent.Policy.Epsilon.mean": {
            "value": 0.11572343999999998,
            "min": 0.11572343999999998,
            "max": 0.19486615,
            "count": 9
        },
        "MLAgent.Policy.Epsilon.sum": {
            "value": 0.5786171999999999,
            "min": 0.4998822000000001,
            "max": 0.9280898,
            "count": 9
        },
        "MLAgent.Policy.Beta.mean": {
            "value": 0.0007945996560000003,
            "min": 0.0007945996560000003,
            "max": 0.004743820885,
            "count": 9
        },
        "MLAgent.Policy.Beta.sum": {
            "value": 0.003972998280000002,
            "min": 0.003972998280000002,
            "max": 0.021411681020000004,
            "count": 9
        },
        "MLAgent.IsTraining.mean": {
            "value": 1.0,
            "min": 1.0,
            "max": 1.0,
            "count": 9
        },
        "MLAgent.IsTraining.sum": {
            "value": 1.0,
            "min": 1.0,
            "max": 1.0,
            "count": 9
        }
    },
    "metadata": {
        "timer_format_version": "0.1.0",
        "start_time_seconds": "1641841724",
        "python_version": "3.7.7 (tags/v3.7.7:d7c567b08f, Mar 10 2020, 10:41:24) [MSC v.1900 64 bit (AMD64)]",
        "command_line_arguments": "C:\\Users\\zmarc\\AppData\\Local\\Programs\\Python\\Python37\\Scripts\\mlagents-learn --initialize-from=2p_3 --run-id=2p_4 --time-scale=1",
        "mlagents_version": "0.27.0",
        "mlagents_envs_version": "0.27.0",
        "communication_protocol_version": "1.5.0",
        "pytorch_version": "1.9.1+cu102",
        "numpy_version": "1.21.2",
        "end_time_seconds": "1641862601"
    },
    "total": 20877.287104,
    "count": 1,
    "self": 0.009209199997712858,
    "children": {
        "run_training.setup": {
            "total": 0.2002948,
            "count": 1,
            "self": 0.2002948
        },
        "TrainerController.start_learning": {
            "total": 20877.0776,
            "count": 1,
            "self": 8.60191799963286,
            "children": {
                "TrainerController._reset_env": {
                    "total": 8.962213599999998,
                    "count": 1,
                    "self": 8.962213599999998
                },
                "TrainerController.advance": {
                    "total": 20858.925769600366,
                    "count": 456226,
                    "self": 8.1641965002309,
                    "children": {
                        "env_step": {
                            "total": 20722.782824600145,
                            "count": 456226,
                            "self": 20343.339952201266,
                            "children": {
                                "SubprocessEnvManager._take_step": {
                                    "total": 373.30320019922,
                                    "count": 456226,
                                    "self": 21.39262399770257,
                                    "children": {
                                        "TorchPolicy.evaluate": {
                                            "total": 351.9105762015174,
                                            "count": 455194,
                                            "self": 104.42867980112396,
                                            "children": {
                                                "TorchPolicy.sample_actions": {
                                                    "total": 247.48189640039345,
                                                    "count": 455194,
                                                    "self": 247.48189640039345
                                                }
                                            }
                                        }
                                    }
                                },
                                "workers": {
                                    "total": 6.139672199657648,
                                    "count": 456225,
                                    "self": 0.0,
                                    "children": {
                                        "worker_root": {
                                            "total": 20853.764564399182,
                                            "count": 456225,