{
    "name": "root",
    "metadata": {
        "timer_format_version": "0.1.0",
        "start_time_seconds": "1642706550",
        "python_version": "3.7.7 (tags/v3.7.7:d7c567b08f, Mar 10 2020, 10:41:24) [MSC v.1900 64 bit (AMD64)]",
        "command_line_arguments": "C:\\Users\\zmarc\\AppData\\Local\\Programs\\Python\\Python37\\Scripts\\mlagents-learn --initialize-from=hard_25 --run-id=medium_6 --time-scale=1",
        "mlagents_version": "0.27.0",
        "mlagents_envs_version": "0.27.0",
        "communication_protocol_version": "1.5.0",
        "pytorch_version": "1.9.1+cu102",
        "numpy_version": "1.21.2",
        "end_time_seconds": "1642706608"
    },
    "total": 57.6960495,
    "count": 1,
    "self": 0.007068199999999081,
    "children": {
        "run_training.setup": {
            "total": 0.10792859999999993,
            "count": 1,
            "self": 0.10792859999999993
        },
        "TrainerController.start_learning": {
            "total": 57.5810527,
            "count": 1,
            "self": 0.01926999999994905,
            "children": {
                "TrainerController._reset_env": {
                    "total": 5.8227759,
                    "count": 1,
                    "self": 5.8227759
                },
                "TrainerController.advance": {
                    "total": 51.55576080000005,
                    "count": 1019,
                    "self": 0.018072200000226246,
                    "children": {
                        "env_step": {
                            "total": 51.417420499999906,
                            "count": 1019,
                            "self": 50.5444529000001,
                            "children": {
                                "SubprocessEnvManager._take_step": {
                                    "total": 0.8603662999999901,
                                    "count": 1019,
                                    "self": 0.04710219999998966,
                                    "children": {
                                        "TorchPolicy.evaluate": {
                                            "total": 0.8132641000000005,
                                            "count": 1015,
                                            "self": 0.23434519999995995,
                                            "children": {
                                                "TorchPolicy.sample_actions": {
                                                    "total": 0.5789189000000405,
                                                    "count": 1015,
                                                    "self": 0.5789189000000405
                                                }
                                            }
                                        }
                                    }
                                },
                                "workers": {
                                    "total": 0.012601299999811744,
                                    "count": 1018,
                                    "self": 0.0,
                                    "children": {
                                        "worker_root": {
                                            "total": 51.57351950000012,
                                            "count": 1018,
                                            "is_parallel": true,
                                            "self": 1.9864075000000625,
                                            "children": {
                                                "steps_from_proto": {
                                                    "total": 0.004554599999999631,
                                                    "count": 1,
                                                    "is_parallel": true,
                                                    "self": 0.0012602999999993258,
                                                    "children": {
                                                        "_process_rank_one_or_two_observation": {
                                                            "total": 0.0032943000000003053,
                                                            "count": 2,
                                                            "is_parallel": true,
                                                            "self": 0.0032943000000003053
                                                        }
                                                    }
                                                },
                                                "UnityEnvironment.step": {
                                                    "total": 49.582557400000056,
                                                    "count": 1018,
                                                    "is_parallel": true,
                                                    "self": 0.08690680000007944,
                                                    "children": {
                                                        "UnityEnvironment._generate_step_input": {
                                                            "total": 0.07006280000004406,
                                                            "count": 1018,
                                                            "is_parallel": true,
                                                            "self": 0.07006280000004406
                                                        },
                                                        "communicator.exchange": {
                                                            "total": 49.148874900000045,
                                                            "count": 1018,
                                                            "is_parallel": true,
                                                            "self": 49.148874900000045
                                                        },
                                                        "steps_from_proto": {
                                                            "total": 0.2767128999998878,
                                                            "count": 1018,
                                                            "is_parallel": true,
                                                            "self": 0.1660096999998446,
                                                            "children": {
                                                                "_process_rank_one_or_two_observation": {
                                                                    "total": 0.11070320000004319,
                                                                    "count": 2036,
                                                                    "is_parallel": true,
                                                                    "self": 0.11070320000004319
                                                                }
                                                            }
                                                        }
                                                    }
                                                }
                                            }
                                        }
                                    }
                                }
                            }
                        },
                        "trainer_advance": {
                            "total": 0.12026809999991883,
                            "count": 1018,
                            "self": 0.02376839999984437,
                            "children": {
                                "process_trajectory": {
                                    "total": 0.09649970000007446,
                                    "count": 1018,